{
  "throughput": {
    "LLF-L": [
      0.3522333333333334,
      0.7110333333333333,
      1.0097,
      1.2454,
      1.4392333333333334,
      1.540733333333333,
      1.5645666666666667,
      1.6276666666666666,
      1.6556666666666662,
      1.710766666666667,
      1.7141666666666666,
      1.7805666666666669,
      1.8073000000000004,
      1.8006,
      1.8212000000000002,
      1.7892333333333335,
      1.846466666666667,
      1.811,
      1.8008333333333333,
      1.8554000000000002
    ],
    "LLF-LH": [
      0.3555333333333333,
      0.7194333333333334,
      0.9927333333333334,
      1.3422666666666665,
      1.5196999999999996,
      1.6575333333333333,
      1.7954333333333334,
      1.8663666666666667,
      1.9068333333333334,
      1.9646,
      2.0265,
      2.0194333333333336,
      2.0475333333333334,
      2.0677333333333334,
      2.0585666666666667,
      2.0694,
      2.0835666666666666,
      2.1115,
      2.1090333333333335,
      2.0961666666666665
    ],
    "LLF-LHB": [
      0.35546666666666665,
      0.6941666666666667,
      1.0348,
      1.3106000000000002,
      1.4979333333333333,
      1.6469000000000003,
      1.7149333333333334,
      1.7738000000000003,
      1.793066666666667,
      1.8533333333333333,
      1.8846666666666667,
      1.8869666666666667,
      1.8986666666666665,
      1.9619666666666669,
      1.9594333333333331,
      1.9649999999999999,
      1.9977666666666665,
      1.9887666666666668,
      1.9788666666666668,
      2.0135
    ],
    "SPF": [
      1.0918999999999996,
      2.1687,
      3.2565,
      4.397799999999999,
      5.4517,
      5.9062,
      6.2334000000000005,
      6.3076,
      6.316799999999999,
      6.3225,
      6.540299999999999,
      6.9261,
      7.151999999999999,
      7.0222,
      6.7557,
      6.5179,
      6.4963999999999995,
      6.4774,
      6.4718,
      6.3682
    ]
  },
  "level_deviation": {
    "LLF-L": [
      0.03556666666666667,
      0.05993333333333333,
      0.10446666666666667,
      0.19323333333333334,
      0.22863333333333333,
      0.3132333333333333,
      0.3072333333333333,
      0.3071333333333333,
      0.30596666666666666,
      0.33386666666666676,
      0.33980000000000005,
      0.3410666666666667,
      0.33253333333333335,
      0.3411,
      0.34876666666666667,
      0.3392,
      0.3578666666666667,
      0.3578666666666666,
      0.3273,
      0.3590333333333333
    ],
    "LLF-LH": [
      0.046033333333333336,
      0.05293333333333333,
      0.10953333333333333,
      0.14273333333333335,
      0.19926666666666662,
      0.26120000000000004,
      0.26299999999999996,
      0.296,
      0.29413333333333336,
      0.30186666666666667,
      0.3006333333333333,
      0.3269,
      0.3135666666666666,
      0.3173,
      0.3271,
      0.3123,
      0.34943333333333343,
      0.33840000000000003,
      0.33990000000000004,
      0.34506666666666663
    ],
    "LLF-LHB": [
      0.04816666666666667,
      0.04636666666666667,
      0.10210000000000001,
      0.14759999999999998,
      0.20333333333333334,
      0.26049999999999995,
      0.29986666666666667,
      0.29646666666666666,
      0.2712666666666667,
      0.3280666666666667,
      0.31116666666666665,
      0.3081,
      0.3046333333333333,
      0.3131,
      0.2956,
      0.32716666666666666,
      0.30033333333333334,
      0.3236666666666667,
      0.31216666666666665,
      0.3259666666666667
    ],
    "SPF": [
      1.0208,
      1.0084333333333333,
      1.0186666666666666,
      1.0293,
      1.0129333333333335,
      1.0166666666666666,
      1.0272666666666666,
      1.0062,
      1.0132333333333332,
      1.0126333333333333,
      1.0094,
      1.0100333333333333,
      1.0058999999999998,
      0.9925,
      1.0164333333333333,
      0.9951333333333333,
      0.9993000000000002,
      0.9925,
      1.0010333333333332,
      1.0058
    ]
  },
  "hop": {
    "LLF-L": [
      2.5226914945125594,
      2.4182686772982005,
      2.2846656971780166,
      2.2571977146139104,
      2.150938187773876,
      2.0797671454167705,
      2.0652821336189775,
      2.0113770482653455,
      1.9141307539126666,
      1.8845057155476648,
      1.8566882878868434,
      1.8011369747383803,
      1.7739101643180835,
      1.7499838405513195,
      1.7647848607296748,
      1.7345613566490432,
      1.7553696065836073,
      1.7282841343584483,
      1.6749189752524314,
      1.7337792533942082
    ],
    "LLF-LH": [
      1.5560898502104503,
      1.610000194746065,
      1.5312058336433463,
      1.578898128552528,
      1.5631103547673284,
      1.5527193386487388,
      1.5662348302067155,
      1.4876570641925035,
      1.4566787991193237,
      1.4568110892839894,
      1.4783454846731372,
      1.449012751584383,
      1.37506868016112,
      1.4079688332197309,
      1.4178792706288854,
      1.3560350853696461,
      1.387209429738224,
      1.3846643056701395,
      1.4134307140455082,
      1.3820746427564614
    ],
    "LLF-LHB": [
      1.6716756837003064,
      1.619100268178788,
      1.6694169469009807,
      1.7480615921049718,
      1.7282419398713493,
      1.6789933117862004,
      1.6699328450454212,
      1.666374439479677,
      1.6294680998226285,
      1.592495978921815,
      1.5740301498100608,
      1.5852456584026824,
      1.565767612009301,
      1.5355620465366016,
      1.5916524542353239,
      1.5285142274520431,
      1.5111700675349873,
      1.5044804941508791,
      1.5640899284262735,
      1.5224597558166841
    ],
    "SPF": [
      1.1857856154975863,
      1.1862586961989512,
      1.1905835273849326,
      1.2298142080551926,
      1.361993522050664,
      1.4324495981830754,
      1.4445065560892587,
      1.439261342182976,
      1.398216891953149,
      1.3528871797737156,
      1.347825611015187,
      1.4080616671614958,
      1.4398472968610438,
      1.4435368377438698,
      1.433445430254855,
      1.4448625569140086,
      1.4715648672388306,
      1.4739842942920849,
      1.4874776776174052,
      1.490740334082048
    ]
  },
  "success": {
    "LLF-L": [
      95.0,
      94.20329670329672,
      92.8754578754579,
      86.78571428571428,
      78.91208791208791,
      70.68681318681318,
      63.54003139717425,
      56.5728021978022,
      53.34554334554334,
      47.42857142857143,
      45.044955044955046,
      41.456043956043956,
      38.38123415046492,
      36.094976452119305,
      34.83150183150183,
      32.07074175824176,
      30.539754363283777,
      29.57875457875458,
      27.348178137651825,
      26.2032967032967
    ],
    "LLF-LH": [
      96.20879120879121,
      95.93406593406594,
      92.21611721611721,
      90.97527472527473,
      83.87912087912089,
      78.88278388278388,
      72.22919937205651,
      65.26098901098901,
      59.10866910866912,
      54.56593406593406,
      51.18381618381618,
      46.556776556776555,
      44.581572273879964,
      42.20957613814757,
      40.37728937728938,
      37.973901098901095,
      35.05171299288947,
      33.311965811965806,
      31.778484673221516,
      30.065934065934062
    ],
    "LLF-LHB": [
      95.76923076923076,
      95.05494505494507,
      91.30036630036629,
      88.02197802197801,
      82.52747252747253,
      76.32783882783883,
      67.67660910518055,
      61.82005494505495,
      56.64224664224664,
      52.43406593406594,
      48.48151848151848,
      44.532967032967036,
      42.218934911242606,
      40.129513343799054,
      37.45421245421245,
      34.71497252747252,
      33.85261797026503,
      31.739926739926737,
      30.254482359745516,
      28.472527472527474
    ],