{
  "throughput": {
    "wavelength": 4,
    "level": 3,
    "traffic": [1, 41],
    "SLF-ML": [
      [
        0.32269999999999993,
        0.3808,
        0.35629999999999995
      ],
      [
        0.6029000000000001,
        0.7493,
        0.712
      ],
      [
        0.8674999999999999,
        1.0644000000000002,
        1.1332
      ],
      [
        0.9981,
        1.3598000000000001,
        1.4649
      ],
      [
        1.0797999999999999,
        1.5361999999999998,
        1.7481000000000002
      ],
      [
        1.1023,
        1.7516000000000003,
        1.8952000000000002
      ],
      [
        1.2454,
        1.5777999999999999,
        2.1351
      ],
      [
        1.2893,
        1.7195,
        2.1772
      ],
      [
        1.3194,
        1.7983,
        2.2111
      ],
      [
        1.3913,
        1.7822,
        2.2201999999999997
      ],
      [
        1.4584,
        1.9136999999999997,
        2.202
      ],
      [
        1.4718,
        1.8301000000000003,
        2.3529
      ],
      [
        1.3707999999999998,
        1.9146,
        2.3396999999999997
      ],
      [
        1.4949999999999999,
        2.0463,
        2.307
      ],
      [
        1.5052,
        2.0492999999999997,
        2.3239
      ],
      [
        1.4718000000000002,
        1.9281,
        2.5309999999999997
      ],
      [
        1.5411,
        1.9639000000000002,
        2.4604
      ],
      [
        1.4864,
        2.0489,
        2.4288
      ],
      [
        1.6186999999999998,
        1.9027999999999998,
        2.4424
      ],
      [
        1.498,
        2.0385999999999997,
        2.5210999999999997
      ],
      [
        1.6978000000000002,
        2.0572,
        2.4986
      ],
      [
        1.6437000000000002,
        1.9686,
        2.5185
      ],
      [
        1.6298,
        2.1168,
        2.6271999999999998
      ],
      [
        1.6319,
        2.0647,
        2.5958000000000006
      ],
      [
        1.6561,
        2.0524999999999998,
        2.5486999999999997
      ],
      [
        1.6388000000000003,
        2.1765,
        2.4703
      ],
      [
        1.6457000000000002,
        2.0822,
        2.7354
      ],
      [
        1.5227,
        2.1349,
        2.6734
      ],
      [
        1.7327999999999997,
        2.1971,
        2.6285000000000003
      ],
      [
        1.7705000000000002,
        2.0725,
        2.5625999999999998
      ],
      [
        1.7056999999999998,
        2.0895,
        2.6465000000000005
      ],
      [
        1.6879000000000002,
        2.1532,
        2.6834
      ],
      [
        1.6972999999999998,
        2.2477,
        2.7131999999999996
      ],
      [
        1.7177,
        2.2218,
        2.6912
      ],
      [
        1.6751,
        2.1699,
        2.6883999999999997
      ],
      [
        1.8117999999999999,
        2.1009,
        2.7131
      ],
      [
        1.8052,
        2.2382,
        2.6871
      ],
      [
        1.8047999999999997,
        2.1407,
        2.7448
      ],
      [
        1.7111999999999998,
        2.2668999999999997,
        2.798
      ],
      [
        1.9037999999999997,
        2.2802,
        2.6780000000000004
      ]
    ],
    "FF-ML": [
      [
        0.31320000000000003,
        0.3696,
        0.3752999999999999
      ],
      [
        0.625,
        0.7459,
        0.7370000000000001
      ],
      [
        0.8656,
        1.0821999999999998,
        1.089
      ],
      [
        0.9720000000000001,
        1.447,
        1.4073
      ],
      [
        1.0267,
        1.7259,
        1.8481999999999998
      ],
      [
        1.0395999999999999,
        1.8067,
        2.1659
      ],
      [
        1.1059,
        1.9012,
        2.4264
      ],
      [
        1.1536,
        1.9184,
        2.6292
      ],
      [
        1.0638,
        1.9823999999999997,
        2.7733
      ],
      [
        1.0494,
        2.0402,
        2.8543
      ],
      [
        1.0537999999999998,
        2.0826000000000002,
        2.8992999999999998
      ],
      [
        1.0592,
        2.0074,
        2.9968
      ],
      [
        1.1784000000000001,
        2.0195999999999996,
        2.8625
      ],
      [
        1.1191999999999998,
        2.107,
        2.9015999999999997
      ],
      [
        1.0141000000000002,
        2.0601,
        3.0809000000000006
      ],
      [
        1.0567000000000002,
        2.0604,
        3.1555
      ],
      [
        1.116,
        2.1323,
        3.0195
      ],
      [
        1.1098000000000001,
        2.0184000000000006,
        3.1321000000000003
      ],
      [
        1.0573,
        1.9655999999999998,
        3.2007
      ],
      [
        1.1606,
        2.0294,
        3.0764000000000005
      ],
      [
        1.1164999999999998,
        2.0242,
        3.0396
      ],
      [
        1.0295999999999998,
        2.0317999999999996,
        3.1342999999999996
      ],
      [
        1.084,
        2.0902000000000003,
        3.0788
      ],
      [
        1.0365000000000002,
        1.9931999999999999,
        3.3116999999999996
      ],
      [
        1.0846999999999998,
        1.9228,
        3.0997999999999997
      ],
      [
        1.0734,
        1.9870999999999999,
        3.3537
      ],
      [
        1.0704,
        2.0683999999999996,
        3.1691000000000003
      ],
      [
        1.1128,
        2.0171,
        3.0875999999999997
      ],
      [
        0.9788,
        2.0307999999999997,
        3.1901
      ],
      [
        1.0776999999999999,
        2.0342,
        3.1249
      ],
      [
        1.0869000000000002,
        2.0959,
        3.0815
      ],
      [
        1.0531000000000001,
        1.9995999999999996,
        3.2151000000000005
      ],
      [
        1.1128,
        1.9069000000000003,
        3.1577
      ],
      [
        1.0297,
        2.0286,
        3.2119
      ],
      [
        1.0877999999999999,
        1.9975999999999998,
        3.1160999999999994
      ],
      [
        1.1214,
        1.9558,
        3.0817
      ],
      [
        1.1004,
        2.0786,
        3.1285999999999996
      ],
      [
        1.0852999999999997,
        2.1115000000000004,
        3.1128000000000005
      ],
      [
        1.0032,
        2.0307,
        3.2489
      ],
      [
        1.0892,
        2.0468,
        3.069
      ]
    ]
  },

  "utilization": {
    "wavelength": 4,
    "level": 3,
    "traffic": [1, 41],